ID,relevance
d023e479d6a3e09f0d7988cf38a4436b,92.56636
ff96e62579ae3046d133440562968c39,92.31045
21f628ecb675030dedda1149f466adae,91.94792
e83e64b3b4ea6a9982da08310ea27b1b,91.60432
83d26621eaf49e20d987f3d7d4005122,91.57433
